SampleID	Index_x	FullID	Path	Content	qPCR	Qubit	QC	i7	Index_y	Recipe
A1	2	A1_R1	data/24DZ-A1_S00_R1_001.fastq.gz	55C 60 mins, method A	12.1	7.46	1.91	CGATGT	2	2 ng ligated DNA, BS + DNA protect buffer, 55C 60 mins, method A
A1	2	A1_R2	data/24DZ-A1_S00_R2_001.fastq.gz	55C 60 mins, method A	12.1	7.46	1.91	CGATGT	2	2 ng ligated DNA, BS + DNA protect buffer, 55C 60 mins, method A
A2	4	A2_R1	data/24DZ-A2_S00_R1_001.fastq.gz	50C 90 mins, method A	15.1	8.58	2.12	TGACCA	4	2 ng ligated DNA, BS + DNA protect buffer, 50C 90 mins, method A
A2	4	A2_R2	data/24DZ-A2_S00_R2_001.fastq.gz	50C 90 mins, method A	15.1	8.58	2.12	TGACCA	4	2 ng ligated DNA, BS + DNA protect buffer, 50C 90 mins, method A
A3	5	A3_R1	data/24DZ-A3_S00_R1_001.fastq.gz	50C 120 mins, method A	8.6	8.34	2.18	ACAGTG	5	2 ng ligated DNA, BS + DNA protect buffer, 50C 120 mins, method A
A3	5	A3_R2	data/24DZ-A3_S00_R2_001.fastq.gz	50C 120 mins, method A	8.6	8.34	2.18	ACAGTG	5	2 ng ligated DNA, BS + DNA protect buffer, 50C 120 mins, method A
A4	6	A4_R1	data/24DZ-A4_S00_R1_001.fastq.gz	45C 4 hrs, method A	12	8.26	2.18	GCCAAT	6	2 ng ligated DNA, BS + DNA protect buffer, 45C 4 hrs, method A
A4	6	A4_R2	data/24DZ-A4_S00_R2_001.fastq.gz	45C 4 hrs, method A	12	8.26	2.18	GCCAAT	6	2 ng ligated DNA, BS + DNA protect buffer, 45C 4 hrs, method A
B10	14	B10_R1	data/24DZ-B10_S00_R1_001.fastq.gz	30C 16 hrs, method B	8.7	9.28	2.57	AGTTCC	14	2 ng ligated DNA, BS + DNA protect buffer, 30C 16 hrs, method B
B10	14	B10_R2	data/24DZ-B10_S00_R2_001.fastq.gz	30C 16 hrs, method B	8.7	9.28	2.57	AGTTCC	14	2 ng ligated DNA, BS + DNA protect buffer, 30C 16 hrs, method B
B11	15	B11_R1	data/24DZ-B11_S00_R1_001.fastq.gz	25C 16 hrs, method B	15.6	8.38	1.99	ATGTCA	15	2 ng ligated DNA, BS + DNA protect buffer, 25C 16 hrs, method B
B11	15	B11_R2	data/24DZ-B11_S00_R2_001.fastq.gz	25C 16 hrs, method B	15.6	8.38	1.99	ATGTCA	15	2 ng ligated DNA, BS + DNA protect buffer, 25C 16 hrs, method B
B1	7	B1_R1	data/24DZ-B1_S00_R1_001.fastq.gz	55C 60 mins, method B	15.3	13.3	3.41	CAGATC	7	2 ng ligated DNA, BS + DNA protect buffer, 55C 60 mins, method B
B1	7	B1_R2	data/24DZ-B1_S00_R2_001.fastq.gz	55C 60 mins, method B	15.3	13.3	3.41	CAGATC	7	2 ng ligated DNA, BS + DNA protect buffer, 55C 60 mins, method B
B2	8	B2_R1	data/24DZ-B2_S00_R1_001.fastq.gz	50C 90 mins, method B	9	12.3	2.73	ACTTGA	8	2 ng ligated DNA, BS + DNA protect buffer, 50C 90 mins, method B
B2	8	B2_R2	data/24DZ-B2_S00_R2_001.fastq.gz	50C 90 mins, method B	9	12.3	2.73	ACTTGA	8	2 ng ligated DNA, BS + DNA protect buffer, 50C 90 mins, method B
B3	9	B3_R1	data/24DZ-B3_S00_R1_001.fastq.gz	50C 120 mins, method B	12.2	14.7	3.83	GATCAG	9	2 ng ligated DNA, BS + DNA protect buffer, 50C 120 mins, method B
B3	9	B3_R2	data/24DZ-B3_S00_R2_001.fastq.gz	50C 120 mins, method B	12.2	14.7	3.83	GATCAG	9	2 ng ligated DNA, BS + DNA protect buffer, 50C 120 mins, method B
B4	10	B4_R1	data/24DZ-B4_S00_R1_001.fastq.gz	45C 4 hrs, method B	15.6	7.64	1.83	TAGCTT	10	2 ng ligated DNA, BS + DNA protect buffer, 45C 4 hrs, method B
B4	10	B4_R2	data/24DZ-B4_S00_R2_001.fastq.gz	45C 4 hrs, method B	15.6	7.64	1.83	TAGCTT	10	2 ng ligated DNA, BS + DNA protect buffer, 45C 4 hrs, method B
B7	11	B7_R1	data/24DZ-B7_S00_R1_001.fastq.gz	37C 8 hrs, method B	9.7	8.5	2.09	GGCTAC	11	2 ng ligated DNA, BS + DNA protect buffer, 37C 8 hrs, method B
B7	11	B7_R2	data/24DZ-B7_S00_R2_001.fastq.gz	37C 8 hrs, method B	9.7	8.5	2.09	GGCTAC	11	2 ng ligated DNA, BS + DNA protect buffer, 37C 8 hrs, method B
B8	12	B8_R1	data/24DZ-B8_S00_R1_001.fastq.gz	40C 16 hrs, method B	12	6.12	1.47	CTTGTA	12	2 ng ligated DNA, BS + DNA protect buffer, 40C 16 hrs, method B
B8	12	B8_R2	data/24DZ-B8_S00_R2_001.fastq.gz	40C 16 hrs, method B	12	6.12	1.47	CTTGTA	12	2 ng ligated DNA, BS + DNA protect buffer, 40C 16 hrs, method B
B9	13	B9_R1	data/24DZ-B9_S00_R1_001.fastq.gz	37C 16 hrs, method B	17	9.6	2.87	AGTCAA	13	2 ng ligated DNA, BS + DNA protect buffer, 37C 16 hrs, method B
B9	13	B9_R2	data/24DZ-B9_S00_R2_001.fastq.gz	37C 16 hrs, method B	17	9.6	2.87	AGTCAA	13	2 ng ligated DNA, BS + DNA protect buffer, 37C 16 hrs, method B
ST	1	ST_R1	data/24DZ-ST_S00_R1_001.fastq.gz	Control	10.4	5.02	1.43	ATCACG	1	2 ng ligated DNA,  Denaturation but without BS treatment
ST	1	ST_R2	data/24DZ-ST_S00_R2_001.fastq.gz	Control	10.4	5.02	1.43	ATCACG	1	2 ng ligated DNA,  Denaturation but without BS treatment
